Active,Inactive
0.000053,0.478416
0.478416,0.506058
0.506058,3.340690
3.340690,3.355217
3.355217,4.455462
4.455462,4.462037
4.462037,8.288603
8.288603,8.303806
8.303806,8.432599
8.432599,8.438543
8.438543,12.409785
12.409785,12.415764
12.415764,16.386887
16.386887,16.392702
16.392702,20.364053
20.364053,20.369876
20.369876,24.341159
24.341159,24.346908
24.346908,28.318313
28.318313,28.324028
